Date,BIR,BOC,Other Offices,Non-tax Revenues,Expenditures,Tax Revenues
01/01/1992,15661,6286,174,2508,25134,22121
02/01/1992,7731,5757,152,2313,18752,13640
03/01/1992,7975,7872,171,4912,12600,16018
04/01/1992,19322,5724,143,1441,21690,25189
05/01/1992,7625,5153,136,2625,21277,12914
06/01/1992,9624,5934,84,2474,18451,15642
07/01/1992,14245,5632,157,3045,24871,20034
08/01/1992,10541,5498,210,2978,19654,16249
09/01/1992,7592,5069,145,3262,23304,12806
10/01/1992,13651,5730,161,2350,20362,19542
11/01/1992,7868,5986,141,1078,24130,13995
12/01/1992,12069,8229,257,5023,28455,20555
01/01/1993,16077,5033,42,4228,19592,21152
02/01/1993,7318,5026,142,1975,22276,12486
03/01/1993,10230,6612,165,1220,26526,17007
04/01/1993,18780,5924,319,1917,22569,25023
05/01/1993,10999,6222,273,2565,22549,17494
06/01/1993,9382,7030,156,2747,23241,16568
07/01/1993,13104,7170,223,4543,24185,20497
08/01/1993,12156,6993,199,1480,22835,19348
09/01/1993,9204,6817,247,2491,22121,16268
10/01/1993,14331,7192,149,2652,22908,21672
11/01/1993,13832,7673,205,1762,26204,21710
12/01/1993,10514,10279,152,2655,27290,20945
01/01/1994,17585,6823,141,2340,26300,24549
02/01/1994,9349,5217,132,4072,21143,14698
03/01/1994,13698,7745,268,10761,22732,21711
04/01/1994,25599,7231,199,4294,22380,33029
05/01/1994,15144,5701,196,4301,28072,21041
06/01/1994,11905,7159,179,2898,30251,19243
07/01/1994,17356,5016,169,2561,29015,22541
08/01/1994,16317,5758,303,4025,26975,22378
09/01/1994,11735,5231,191,6772,25827,17157
10/01/1994,18164,8019,209,7149,24778,26392
11/01/1994,17224,9037,143,13147,28588,26404
12/01/1994,13369,8673,119,2535,33813,22161
01/01/1995,18240,6812,200,2096,28501,25252
02/01/1995,11835,6893,254,11852,25313,18982
03/01/1995,12402,8350,278,13544,33473,21030
04/01/1995,29046,6778,209,2382,27134,36033
05/01/1995,17880,7505,123,1530,32952,25508
06/01/1995,14165,9007,255,2493,27286,23427
07/01/1995,20065,8620,246,1831,33616,28931
08/01/1995,19467,7335,271,3281,30717,27073
09/01/1995,12248,9544,243,3723,24077,22035
10/01/1995,19701,9481,309,2003,29363,29491
11/01/1995,18804,7912,199,938,27522,26915
12/01/1995,16342,9364,134,5030,30192,25840
01/01/1996,23547,7406,145,6698,37576,31098
02/01/1996,13663,8232,250,2285,30380,22145
03/01/1996,14915,9380,257,6240,26633,24552
04/01/1996,36447,8285,215,6842,36552,44947
05/01/1996,21426,9445,276,1477,33736,31147
06/01/1996,15151,7773,251,2381,28690,23175
07/01/1996,24676,9743,201,1838,41254,34620
08/01/1996,22947,8654,95,3167,32530,31696
09/01/1996,15775,8416,288,4604,28867,24479
10/01/1996,27578,8790,291,1307,38606,36659
11/01/1996,24627,11671,124,1756,34378,36422
12/01/1996,20022,6771,161,3960,34991,26954
01/01/1997,28601,6489,171,2178,40621,35261
02/01/1997,17405,6604,194,2514,27085,24203
03/01/1997,18791,7060,190,6403,29563,26041
04/01/1997,44940,7512,172,2209,36822,52624
05/01/1997,19933,6780,134,1498,40770,26847
06/01/1997,24948,7013,206,3606,36869,32167
07/01/1997,28857,7912,191,6927,42002,36960
08/01/1997,28984,7566,84,1818,36358,36634
09/01/1997,21689,9737,449,9986,45098,31875
10/01/1997,29790,8400,304,3606,49023,38494
11/01/1997,21857,7735,284,5669,41166,29876
12/01/1997,28902,11992,289,13264,44902,41183
01/01/1998,35086,7133,174,1797,42320,42393
02/01/1998,19304,5462,297,2427,34825,25063
03/01/1998,21154,6353,269,4203,38282,27776
04/01/1998,46473,5503,289,3288,41782,52265
05/01/1998,19760,5469,298,2700,45675,25527
06/01/1998,24275,4825,146,2419,40223,29246
07/01/1998,34132,8324,275,10190,42491,42731
08/01/1998,21545,6741,592,4956,42964,28878
09/01/1998,26793,6818,338,4109,41057,33949
10/01/1998,33553,7061,300,3478,44100,40914
11/01/1998,26766,6586,301,246,48721,33653
12/01/1998,28334,5730,126,6117,50056,34190
01/01/1999,35100,5353,113,2834,45259,40566
02/01/1999,18874,5486,275,2979,35561,24635
03/01/1999,21994,6100,371,5643,57765,28465
04/01/1999,50000,6145,380,2473,47558,56525
05/01/1999,25767,7738,352,3035,60185,33857
06/01/1999,24238,7282,386,11823,50877,31906
07/01/1999,31760,7480,641,3795,51745,39881
08/01/1999,25980,7101,290,3250,48045,33371
09/01/1999,21888,6976,410,3064,47919,29274
10/01/1999,30353,7773,285,2584,50261,38411
11/01/1999,24957,7667,149,1706,47830,32773
12/01/1999,30408,11396,218,3630,47155,42022
01/01/2000,35867,6466,349,1432,44228,42682
02/01/2000,22378,6452,388,1850,39986,29218
03/01/2000,23860,7249,400,7842,52632,31509
04/01/2000,45563,7688,295,4514,49030,53546
05/01/2000,29036,8288,428,2763,61343,37752
06/01/2000,24365,8564,477,3843,50832,33406
07/01/2000,32570,8220,381,4715,57901,41171
08/01/2000,31197,8620,329,5431,55655,40146
09/01/2000,20424,7514,300,6401,47835,28238
10/01/2000,34126,8821,303,3552,59360,43250
11/01/2000,28005,7616,333,5292,60143,35954
12/01/2000,33411,9508,243,7093,70029,43162
01/01/2001,39294,6414,354,3794,56242,46062
02/01/2001,20360,6079,333,3519,42888,26772
03/01/2001,25458,8107,545,6957,60009,34110
04/01/2001,53592,8125,359,4089,56319,62076
05/01/2001,28439,9255,408,4265,72614,38102
06/01/2001,23934,7919,451,4649,56449,32304
07/01/2001,38599,9098,410,5876,58747,48107
08/01/2001,28558,8786,479,7059,61823,37823
09/01/2001,24662,8489,485,6782,63043,33636
10/01/2001,37307,8708,731,6190,64103,46746
11/01/2001,34719,7543,238,7485,61294,42500
12/01/2001,33757,7709,155,13208,57224,41621
01/01/2002,35037,6893,412,4958,62279,42342
02/01/2002,24852,6826,409,5812,58861,32087
03/01/2002,26734,6982,369,5836,65188,34085
04/01/2002,42484,8375,424,4324,77363,51283
05/01/2002,30887,7701,582,3946,67692,39170
06/01/2002,28711,7624,418,5926,54857,36753
07/01/2002,30248,7864,516,7942,58697,38628
08/01/2002,34176,9212,413,6473,62462,43801
09/01/2002,32365,8107,631,5163,68706,41103
10/01/2002,30465,8233,463,4392,64647,39161
11/01/2002,40824,8215,158,4249,66433,49197
12/01/2002,37766,10218,778,11748,70697,48762
01/01/2003,34173,9616,422,6531,64690,44211
02/01/2003,27092,8096,440,4838,58160,35628
03/01/2003,28656,9009,528,6896,72326,38193
04/01/2003,50385,8813,639,5918,72339,59837
05/01/2003,36868,8186,550,9085,64585,45604
06/01/2003,32033,9314,530,6898,52992,41877
07/01/2003,33763,9155,593,8206,67536,43511
08/01/2003,38436,7857,619,4211,69293,46912
09/01/2003,29647,8266,535,9842,77428,38448
10/01/2003,35277,9141,544,11191,77324,44962
11/01/2003,42253,9033,309,5309,65234,51595
12/01/2003,36769,9606,208,10344,84591,46583
01/01/2004,36537,9581,587,6427,69249,46705
02/01/2004,28833,8634,619,6526,63062,38086
03/01/2004,33604,10980,781,9501,77146,45365
04/01/2004,53017,10576,715,11545,83677,64308
05/01/2004,41259,10373,696,8004,73014,52328
06/01/2004,35942,10424,769,7362,57264,47135
07/01/2004,38891,10430,692,9331,78636,50013
08/01/2004,43128,10081,732,5816,71427,53941
09/01/2004,32637,10697,694,9974,84827,44028
10/01/2004,39307,10544,663,10062,66395,50514
11/01/2004,43951,10233,255,6082,73015,54439
12/01/2004,41071,9918,163,11124,89113,51152
01/01/2005,42025,10567,670,11079,80843,53262
02/01/2005,31669,9216,727,7097,72260,41612
03/01/2005,35985,11383,734,10162,81677,48102
04/01/2005,62935,12428,641,6780,79445,76004
05/01/2005,48807,12237,724,6481,75879,61768
06/01/2005,38581,12603,880,9972,61790,52064
07/01/2005,40773,10677,783,13718,81012,52233
08/01/2005,53915,12098,817,12988,78067,66830
09/01/2005,38239,11910,765,8427,86998,50914
10/01/2005,47496,13627,849,9698,78734,61972
11/01/2005,50953,13642,287,7671,79842,64882
12/01/2005,43705,11342,475,6471,85940,55522
01/01/2006,49498,12981,669,9485,88078,63148
02/01/2006,41719,12588,695,9288,89248,55002
03/01/2006,43740,16731,808,6795,95281,61279
04/01/2006,71368,16324,680,6654,77384,88372
05/01/2006,61698,17608,776,9650,83921,80082
06/01/2006,50368,18500,916,11514,68645,69784
07/01/2006,48878,16353,905,7531,90677,66136
08/01/2006,70720,18232,1152,7417,83187,90104
09/01/2006,42766,16501,699,13682,89877,59966
10/01/2006,52063,18877,1045,7871,85698,71985
11/01/2006,61257,16342,300,8791,88759,77899
12/01/2006,58659,17124,317,21103,103674,76100
01/01/2007,49735,11759,743,10414,102366,62237
02/01/2007,41243,13423,804,34145,78506,55470
03/01/2007,52130,15039,1198,6670,108399,68367
04/01/2007,75771,17198,757,7429,89203,93726
05/01/2007,66708,17531,1199,8695,95880,85438
06/01/2007,49131,17207,861,10489,76906,67199
07/01/2007,58695,20830,806,23642,102378,80331
08/01/2007,79578,20908,785,15844,103218,101271
09/01/2007,48929,19062,945,11954,95411,68936
10/01/2007,53518,18748,782,10651,85177,73048
11/01/2007,72252,20345,463,55282,94249,93060
12/01/2007,65915,17389,550,8408,117308,83854
01/01/2008,56710,14711,696,14874,100926,72117
02/01/2008,50888,15655,770,14449,100760,67313
03/01/2008,59024,18514,957,6268,103389,78495
04/01/2008,91345,21738,916,8031,96268,113999
05/01/2008,77713,21524,903,6739,99853,100140
06/01/2008,54088,24885,1385,7206,86795,80358
07/01/2008,63435,25013,829,12140,116846,89277
08/01/2008,78905,25417,921,13634,117194,105243
09/01/2008,55768,25755,948,7166,111265,82471
10/01/2008,56945,24982,979,9728,101593,82906
11/01/2008,76745,23277,476,8542,113380,100498
12/01/2008,57015,18777,580,44939,122753,76372
01/01/2009,55230,14404,625,8207,116520,70259
02/01/2009,47405,13850,1073,18637,109958,62328
03/01/2009,52136,14861,1160,7771,128567,68157
04/01/2009,87076,21615,853,7037,108677,109544
05/01/2009,73338,19799,1325,9750,115596,94462
06/01/2009,60427,20282,940,7901,119797,81649
07/01/2009,57606,24154,1011,15627,133028,82771
08/01/2009,67580,18176,1207,8049,116993,86963
09/01/2009,56237,18255,948,25255,128207,75440
10/01/2009,54920,18548,901,11212,114126,74369
11/01/2009,69958,17503,419,8402,102724,87880
12/01/2009,68374,18860,575,13732,127550,87809
01/01/2010,64606,17605,742,9312,129390,82953
02/01/2010,50975,18076,1158,6490,109887,70209
03/01/2010,58311,24900,1016,12633,160726,84227
04/01/2010,91162,22773,915,9618,121869,114850
05/01/2010,79049,24119,912,5637,140244,104080
06/01/2010,59366,23249,1327,8153,126717,83942
07/01/2010,63813,22238,1088,15769,135602,87139
08/01/2010,79090,17762,1312,9642,106487,98164
09/01/2010,60958,20232,1034,9674,123582,82224
10/01/2010,63565,22577,934,11427,109017,87076
11/01/2010,82430,19969,1014,8122,111053,103413
12/01/2010,69298,25741,327,7806,147810,95366
01/01/2011,74569,20535,916,39891,122487,96020
02/01/2011,53418,18583,986,7028,101505,72987
03/01/2011,71562,23500,1583,10507,125283,96645
04/01/2011,103393,22440,949,11553,112077,126782
05/01/2011,88150,21836,1099,9003,129689,111085
06/01/2011,66904,21663,1354,10218,107830,89921
07/01/2011,73789,21283,1092,10799,133445,96164
08/01/2011,87928,22152,1028,13040,114928,111108
09/01/2011,66547,22615,1486,13689,122838,90648
10/01/2011,70504,22843,1018,9574,125196,94365
11/01/2011,92751,25510,977,9507,150748,119238
12/01/2011,74631,22148,324,13067,211670,97103
01/01/2012,85147,21990,895,18322,142297.179,108032
02/01/2012,68694,22433,1277,26785,108533.574,92404
03/01/2012,75203,25106,1514,13608,144052.785,101823
04/01/2012,116221,25367,972,10708,122243.832,142560
05/01/2012,94551,25230,1593,10029,151262.263,121374
06/01/2012,81343,23299,1081,9553,126914.462,105723
07/01/2012,83517,24391,1091,14310,162557.868,108999
08/01/2012,96756,22632,1058,8962,126885.426,120446
09/01/2012,71036,23208,1173,9892,138142.68,95417
10/01/2012,86105,26934,1723,19558,145983.825,114762
11/01/2012,110767,23749,726,20066,166782.739,135242
12/01/2012,88576,25527,196,12058,242101.979,114299
01/01/2013,94718,24540,1181,17929,157899,120439
02/01/2013,74519,22471,1166,14192,124097,98156
03/01/2013,74825,21805,1501,15478,148807,98131
04/01/2013,148989,27137,1164,12720,153207,177290
05/01/2013,111899,25925,1154,15061,167203,138978
06/01/2013,88761,23253,1307,17768,139540,113321
07/01/2013,100098,27674,1389,15461,197844,129161
08/01/2013,118110,26086,1532,9411,133238,145728
09/01/2013,86034,25733,1091,14478,145952,112858
10/01/2013,95587,27863,1238,9621,145546,124688
11/01/2013,126462,28254,618,9662,163996,155334
12/01/2013,96659,24184,771,28614,202826,121614
01/01/2014,104151,29773,1168,13730,183040,135092
02/01/2014,78378,27416,1308,13184,130004,107102
03/01/2014,82176,29313,1711,16103,169489,113200
04/01/2014,156111,30764,1084,36490,143597,187959
05/01/2014,128273,28809,1217,13935,160452,158299
06/01/2014,94120,27327,1350,15843,201126,122797
07/01/2014,119942,30460,1238,15090,168492,151640
08/01/2014,127565,29061,1794,11560,140115,158420
09/01/2014,105708,32866,1238,14754,159764,139812
10/01/2014,101801,34160,1446,14856,154793,137407
11/01/2014,121889,24691,1005,10636,151397,147585
12/01/2014,114648,44637,388,13360,219350,159673
01/01/2015,121134,29381,1050,15087,173124,151565
02/01/2015,88891,27194,1420,15267,142445,117505
03/01/2015,97063,35717,1813,36513,188478,134593
04/01/2015,160777,28136,1206,18985,156505,190119
05/01/2015,128454,26699,1771,85601,175188,156924
06/01/2015,109550,31522,1253,21251,236249,142325
07/01/2015,118193,30033,1152,29096,210672,149378
08/01/2015,138529,26895,1691,9541,161616,167115
09/01/2015,112268,32651,1270,17923,186252,146189
10/01/2015,115761,32490,1076,13688,190037,149327
11/01/2015,136368,29061,530,11492,171422,165959
12/01/2015,106314,37755,407,19037,238657,144476
01/01/2016,129652,31083,1161,20330,185700.453,161896
02/01/2016,94837,27035,2064,15016,173577.87,123936
03/01/2016,105683,32383,1437,18297,232188,139503
04/01/2016,177656,32712,1397,34868,191611,211765
05/01/2016,151575,32070,1432,14682,217415,185077
06/01/2016,124018,35268,1473,14826,220779,160759
07/01/2016,117448,30987,1528,20287,220917,149963
08/01/2016,157468,33069,1438,17594,176962,191975
09/01/2016,112996,33326,1450,18188,241287,147772
10/01/2016,121893,33365,2120,17264,176987,157378
11/01/2016,156772,40227,759,11454,228357,197758
12/01/2016,117216,34840,552,12718,283555,152608
01/01/2017,147393,35943,1327,15651,198092.453,184663
02/01/2017,105862,30854,2261,12861,175562,138977
03/01/2017,117149,37333,1831,23924,241708,156313
04/01/2017,187670,31142,1265,15799,183079,220077
05/01/2017,158694,39592,2450,27515,261672,200736
06/01/2017,131245,35417,1475,11707,270717,168137
07/01/2017,138080,34994,1582,19965,245133,174656
08/01/2017,171654,38289,2268,18197,201600,212211
09/01/2017,141431,40261,1462,16937,236983,183154
10/01/2017,142542,42915,1036,18575,226868,186493
11/01/2017,179355,46366,2533,15238,252115,228254
12/01/2017,151246,45078,683,26085,330239.82,197007
01/01/2018,175612,40831,1627,20828.023,228707,218070
02/01/2018,116641,43716,2525,15652.576,230204,162882
03/01/2018,130827,45251,1632,24649.667,313053,177710
04/01/2018,232618,46794,1535,26611.26,261243,280947
05/01/2018,172032,52747,2114,32098.986,291865,226893
06/01/2018,136780,50049,1406,35964.118,278487,188235
07/01/2018,163999,52144,1557,24042.949,328126,217700
08/01/2018,185091,52012,2517,17254.729,259462,239620
09/01/2018,130573,51075,1589,19113.649,298598,183237
10/01/2018,164792,55953,1628,24389.002,306627,222373
11/01/2018,192048,47902,2278,17474.166,298820,242228
12/01/2018,150837,54637,503,26232.189,313251,205977
01/01/2019,185088,48376,1952,21326,212205,235416
02/01/2019,135720,44200,2380,19785.35,278458,182300
03/01/2019,147411,49294,1564,30649,287327,198269
04/01/2019,235461,51674,1562,19979,221804,288697
05/01/2019,204838,58168,2482,51748,314672,265488
06/01/2019,157829,51298,1423,23336,275724,210550
07/01/2019,180341,54644,1796,27313,339390,236781
08/01/2019,205587,53593,2540,18025,282233,261720
09/01/2019,150475,58802,1657,25594,415085,210934
10/01/2019,178122,57652,1844,23935,310815,237618
11/01/2019,232059,50414,2032,20244,365632,284505
12/01/2019,162575,52195,1461,27055,494389,216231
01/01/2020,194889,55879,3399,40471,271593,254167
02/01/2020,142216,44787,1772,18060,244430,188775
03/01/2020,131687,44648,1015,84249,333208,177350
04/01/2020,90505,34425,1418,61428,461657.17,126348
05/01/2020,114434,30761,913,5385,353629,146108
06/01/2020,282666,42591,1359,24361,349211,326616
07/01/2020,158991,49816,1323,24338,374676,210130
08/01/2020,187932,44380,1081,9839,283306,233393
09/01/2020,140605,50753,1322,19734.83,350940,192680
10/01/2020,152072,50592,2225,23317,289568,204889
11/01/2020,191672,43712,1195,9193,374050,236579
12/01/2020,163354,45343,1505,28346,541138,210202
01/01/2021,182150,47270,1727,29585,274792,231147
02/01/2021,154141,47185,1395,16841,335531.54,202721
03/01/2021,133367,54727,1406,26661,407603,189500
04/01/2021,219045,51781,2156,18938,336346,272982
05/01/2021,183711,48617,2005,22081.52,456721,234333
06/01/2021,159364,52166,1974,32064,395430,213504
07/01/2021,170833,57169,2364,25705,377257,230366
08/01/2021,186077,53359,5333,14483,380188,244769
09/01/2021,154228,57562,1687,17968,412361,213477
10/01/2021,162115,55532,1561,33881,317379,219208
11/01/2021,210746,57919,1465,13884,412715,270130
12/01/2021,162368,60276,886,7780,569315,223530
01/01/2022,195775,58346,1544,22410,301457,255665
02/01/2022,136607,59433,1704,14658,318202,197744
03/01/2022,170384,70778,2078,50643,481549,243240
04/01/2022,239604,65669,1588,41088,343013,306861
05/01/2022,216618,66288,1596,20413,451700,284502
06/01/2022,173540,76201,1908,38619,505791,251649
07/01/2022,197390,83596,2080,25566,395395,283066
08/01/2022,228938,78884,2165,22453,404476,309987
09/01/2022,173629,79273,2247,33665,468574,255149
10/01/2022,186759,75055,1890,25169,387934,263704
11/01/2022,237143,75724,1294,16900,454990,314161
12/01/2022,179287,73173,1646,14087,646559,254106
01/01/2023,234819,70591,2632,40125.25,302418,308042
02/01/2023,129378,62895,2369,17226,318241,194642
03/01/2023,140962,80343,3081,34264,468911,224386
04/01/2023,336020,67553,1838,35285.81,373899,405411
05/01/2023,213273,77926,2849,39389,455668,294048
06/01/2023,164736,74125,2311,26143,492713,241172
07/01/2023,273134,73058,2689,62848,459543,348881
08/01/2023,213536,75000,3190,18827,443556,291726
09/01/2023,152171,78897,2465,21875,506349,233533
10/01/2023,274429,77926,2410,31043,420210,354765
11/01/2023,210242,73687,2135,54331,433649,286064
12/01/2023,174286,71213,1119,13460,661034,246618
01/01/2024,308435,73397,3338,36631,333850,385170
02/01/2024,137988,70560,2763,12705,388693,211311
03/01/2024,145346,74895,3644,64038,483841,223885
04/01/2024,378521,80742,2517,75416,494468,461780
05/01/2024,219228,81301,3379,78181,557000,303908
06/01/2024,172503,74623,2190,47208,505604,249316
07/01/2024,319814,80355,2663,54542,486219,402832
08/01/2024,238120,78521,3577,66119,440543,320218
09/01/2024,174679,76282,2488,46204,572919,253449
10/01/2024,325536,86885,2435,58268,466784,414856
11/01/2024,247594,72441,2346,15931,551285,322381
12/01/2024,183839,66672,1076,63087,644175,251587
01/01/2025,,,,,,0
02/01/2025,,,,,,0
03/01/2025,,,,,,0
04/01/2025,,,,,,0
05/01/2025,,,,,,0
06/01/2025,,,,,,0
07/01/2025,,,,,,0
08/01/2025,,,,,,0
09/01/2025,,,,,,0
10/01/2025,,,,,,0
11/01/2025,,,,,,0
12/01/2025,,,,,,0
