Date,2018
Jan-92,26.7
Feb-92,26.8
Mar-92,27
Apr-92,27.1
May-92,27.4
Jun-92,27.6
Jul-92,27.9
Aug-92,28
Sep-92,28.2
Oct-92,28.3
Nov-92,28.4
Dec-92,28.4
Jan-93,28.7
Feb-93,28.8
Mar-93,28.8
Apr-93,28.9
May-93,29
Jun-93,29.3
Jul-93,29.6
Aug-93,29.8
Sep-93,30.1
Oct-93,30.3
Nov-93,30.3
Dec-93,30.5
Jan-94,32.4
Feb-94,32.8
Mar-94,32.7
Apr-94,32.8
May-94,33
Jun-94,33.1
Jul-94,33.4
Aug-94,33.6
Sep-94,33.7
Oct-94,33.7
Nov-94,33.7
Dec-94,33.7
Jan-95,34.3
Feb-95,34.6
Mar-95,34.7
Apr-95,34.8
May-95,35
Jun-95,35.3
Jul-95,35.5
Aug-95,35.8
Sep-95,36.4
Oct-95,36.4
Nov-95,36.5
Dec-95,36.5
Jan-96,37.6
Feb-96,37.8
Mar-96,37.9
Apr-96,38.1
May-96,38.2
Jun-96,38.4
Jul-96,38.5
Aug-96,38.8
Sep-96,38.8
Oct-96,38.9
Nov-96,38.9
Dec-96,39.2
Jan-97,39.6
Feb-97,39.8
Mar-97,40
Apr-97,40
May-97,40.1
Jun-97,40.6
Jul-97,40.7
Aug-97,40.9
Sep-97,41
Oct-97,41.2
Nov-97,41.5
Dec-97,41.7
Jan-98,42.3
Feb-98,42.9
Mar-98,43.3
Apr-98,43.5
May-98,44
Jun-98,44.7
Jul-98,44.8
Aug-98,45
Sep-98,45.2
Oct-98,45.3
Nov-98,45.9
Dec-98,45.9
Jan-99,46.8
Feb-99,46.9
Mar-99,46.7
Apr-99,46.7
May-99,46.7
Jun-99,47
Jul-99,47.1
Aug-99,47.2
Sep-99,47.4
Oct-99,47.6
Nov-99,47.7
Dec-99,47.7
Jan-00,49.3
Feb-00,49.5
Mar-00,49.5
Apr-00,49.6
May-00,49.7
Jun-00,49.9
Jul-00,50.2
Aug-00,50.4
Sep-00,50.5
Oct-00,50.8
Nov-00,51.4
Dec-00,51.8
Jan-01,52.2
Feb-01,52.4
Mar-01,52.4
Apr-01,52.4
May-01,52.5
Jun-01,52.9
Jul-01,53.2
Aug-01,53.3
Sep-01,53.4
Oct-01,53.5
Nov-01,53.6
Dec-01,53.7
Jan-02,53.9
Feb-02,53.9
Mar-02,54.1
Apr-02,54.1
May-02,54.2
Jun-02,54.3
Jul-02,54.5
Aug-02,54.7
Sep-02,54.7
Oct-02,54.7
Nov-02,54.7
Dec-02,54.8
Jan-03,54.8
Feb-03,55.1
Mar-03,55.2
Apr-03,55.3
May-03,55.4
Jun-03,55.8
Jul-03,55.8
Aug-03,55.9
Sep-03,55.9
Oct-03,56
Nov-03,56
Dec-03,56.2
Jan-04,56.6
Feb-04,56.7
Mar-04,56.9
Apr-04,57.1
May-04,57.3
Jun-04,58.1
Jul-04,58.8
Aug-04,59.1
Sep-04,59.4
Oct-04,59.5
Nov-04,59.8
Dec-04,60.2
Jan-05,60.7
Feb-05,60.8
Mar-05,60.9
Apr-05,61.2
May-05,61.5
Jun-05,61.9
Jul-05,62.4
Aug-05,62.7
Sep-05,62.9
Oct-05,63.2
Nov-05,63.6
Dec-05,63.8
Jan-06,64.3
Feb-06,64.7
Mar-06,64.9
Apr-06,65.1
May-06,65.2
Jun-06,65.6
Jul-06,65.8
Aug-06,66
Sep-06,66
Oct-06,66.1
Nov-06,66.2
Dec-06,66.4
Jan-07,66.7
Feb-07,66.6
Mar-07,66.6
Apr-07,66.8
May-07,67
Jun-07,67.3
Jul-07,67.7
Aug-07,67.8
Sep-07,67.9
Oct-07,68
Nov-07,68.3
Dec-07,68.8
Jan-08,69.8
Feb-08,70
Mar-08,70.6
Apr-08,71.6
May-08,72.5
Jun-08,73.7
Jul-08,74.6
Aug-08,74.9
Sep-08,74.8
Oct-08,74.6
Nov-08,74.5
Dec-08,74.2
Jan-09,74.8
Feb-09,75.1
Mar-09,75.2
Apr-09,75.6
May-09,75.6
Jun-09,76
Jul-09,76.2
Aug-09,76.2
Sep-09,76.5
Oct-09,76.8
Nov-09,77.1
Dec-09,77.5
Jan-10,77.7
Feb-10,78
Mar-10,78.2
Apr-10,78.6
May-10,78.6
Jun-10,78.8
Jul-10,79
Aug-10,79.4
Sep-10,79.4
Oct-10,79.3
Nov-10,80
Dec-10,80.3
Jan-11,80.7
Feb-11,81.7
Mar-11,82
Apr-11,82.3
May-11,82.4
Jun-11,82.9
Jul-11,82.9
Aug-11,83
Sep-11,83.1
Oct-11,83.4
Nov-11,83.7
Dec-11,83.6
Jan-12,84.1
Feb-12,84.1
Mar-12,84.3
Apr-12,84.9
May-12,84.8
Jun-12,85.2
Jul-12,85.4
Aug-12,86.1
Sep-12,86.1
Oct-12,86.1
Nov-12,86.1
Dec-12,86
Jan-13,86.4
Feb-13,86.6
Mar-13,86.6
Apr-13,86.8
May-13,86.8
Jun-13,87.3
Jul-13,87.5
Aug-13,87.6
Sep-13,88.1
Oct-13,88.2
Nov-13,88.6
Dec-13,89.3
Jan-14,89.7
Feb-14,89.8
Mar-14,89.7
Apr-14,89.9
May-14,90.3
Jun-14,90.6
Jul-14,91.1
Aug-14,91.3
Sep-14,91.5
Oct-14,91.4
Nov-14,91.2
Dec-14,91
Jan-15,91
Feb-15,91.1
Mar-15,91
Apr-15,91.2
May-15,91.1
Jun-15,91.1
Jul-15,91.3
Aug-15,91.3
Sep-15,91.1
Oct-15,91.2
Nov-15,91.5
Dec-15,91.6
Jan-16,91.7
Feb-16,91.6
Mar-16,91.6
Apr-16,91.8
May-16,92
Jun-16,92.3
Jul-16,92.5
Aug-16,92.5
Sep-16,92.7
Oct-16,92.8
Nov-16,93.4
Dec-16,93.7
Jan-17,94
Feb-17,94.4
Mar-17,94.4
Apr-17,94.7
May-17,94.6
Jun-17,94.6
Jul-17,94.7
Aug-17,94.9
Sep-17,95.5
Oct-17,95.7
Nov-17,96.2
Dec-17,96.4
Jan-18,97.2
Feb-18,97.9
Mar-18,98.4
Apr-18,98.8
May-18,99
Jun-18,99.4
Jul-18,100.2
Aug-18,101.1
Sep-18,102.1
Oct-18,102.3
Nov-18,102
Dec-18,101.4
Jan-19,101.5
Feb-19,101.6
Mar-19,101.7
Apr-19,102
May-19,102.2
Jun-19,102.1
Jul-19,102.4
Aug-19,102.5
Sep-19,102.6
Oct-19,102.9
Nov-19,103.2
Dec-19,103.8
Jan-20,104.5
Feb-20,104.1
Mar-20,103.9
Apr-20,103.8
May-20,103.8
Jun-20,104.4
Jul-20,104.9
Aug-20,104.8
Sep-20,104.9
Oct-20,105.3
Nov-20,106.3
Dec-20,107.2
Jan-21,108.4
Feb-21,108.5
Mar-21,108.2
Apr-21,108.1
May-21,108.1
Jun-21,108.3
Jul-21,108.8
Aug-21,109.4
Sep-21,109.3
Oct-21,109.5
Nov-21,110.2
Dec-21,110.5
Jan-22,111.7
Feb-22,111.8
Mar-22,112.5
Apr-22,113.4
May-22,113.9
Jun-22,114.9
Jul-22,115.8
Aug-22,116.3
Sep-22,116.8
Oct-22,117.9
Nov-22,119
Dec-22,119.4
Jan-23,121.4
Feb-23,121.4
Mar-23,121.1
Apr-23,120.9
May-23,120.9
Jun-23,121.1
Jul-23,121.2
Aug-23,122.5
Sep-23,123.9
Oct-23,123.7
Nov-23,123.9
Dec-23,124.1
Jan-24,124.8
Feb-24,125.5
Mar-24,125.6
Apr-24,125.5
May-24,125.6
Jun-24,125.6
Jul-24,126.5
Aug-24,126.6
Sep-24,126.3
Oct-24,126.5
Nov-24,127
Dec-24,127.7
Jan-25,128.4
Feb-25,128.1
Mar-25,127.8
Apr-25,127.3
May-25,127.2
Jun-25,127.3
Jul-25,127.7
Aug-25,128.5
Sep-25,128.5
Oct-25,128.6
Nov-25,128.9
Dec-25,130
